-- phpMyAdmin SQL Dump
-- version 5.0.3
-- https://www.phpmyadmin.net/
--
-- Host: 127.0.0.1
-- Generation Time: Jan 15, 2021 at 08:06 PM
-- Server version: 10.4.14-MariaDB
-- PHP Version: 7.2.34

SET SQL_MODE = "NO_AUTO_VALUE_ON_ZERO";
START TRANSACTION;
SET time_zone = "+00:00";


/*!40101 SET @OLD_CHARACTER_SET_CLIENT=@@CHARACTER_SET_CLIENT */;
/*!40101 SET @OLD_CHARACTER_SET_RESULTS=@@CHARACTER_SET_RESULTS */;
/*!40101 SET @OLD_COLLATION_CONNECTION=@@COLLATION_CONNECTION */;
/*!40101 SET NAMES utf8mb4 */;

--
-- Database: `barbershop`
--

-- --------------------------------------------------------

--
-- Table structure for table `cabang`
--

CREATE TABLE `cabang` (
  `id_cabang` int(11) NOT NULL,
  `nama_cabang` varchar(60) NOT NULL,
  `alamat` text NOT NULL,
  `username` varchar(50) NOT NULL,
  `password` varchar(50) NOT NULL
) ENGINE=InnoDB DEFAULT CHARSET=utf8mb4;

--
-- Dumping data for table `cabang`
--

INSERT INTO `cabang` (`id_cabang`, `nama_cabang`, `alamat`, `username`, `password`) VALUES
(1, 'BarJogja', 'Yogyakarta', 'kazumajogja', 'kazumajogja'),
(2, 'BarSolo', 'Solo', 'kazumasolo', 'kazumasolo');

-- --------------------------------------------------------

--
-- Table structure for table `produk`
--

CREATE TABLE `produk` (
  `id_produk` varchar(10) NOT NULL,
  `nama_produk` varchar(60) NOT NULL,
  `harga` int(11) NOT NULL
) ENGINE=InnoDB DEFAULT CHARSET=utf8mb4;

--
-- Dumping data for table `produk`
--

INSERT INTO `produk` (`id_produk`, `nama_produk`, `harga`) VALUES
('CTR', 'Cat Rambut', 50000),
('PTR', 'Potong Rambut', 25000),
('RBN', 'Rebonding', 100000),
('SMT', 'Smoothingt', 150000);

-- --------------------------------------------------------

--
-- Table structure for table `transaksi`
--

CREATE TABLE `transaksi` (
  `id_transaksi` int(11) NOT NULL,
  `id_produk` varchar(10) NOT NULL,
  `tgl_transaksi` date NOT NULL,
  `id_cabang` int(11) NOT NULL
) ENGINE=InnoDB DEFAULT CHARSET=utf8mb4;

--
-- Dumping data for table `transaksi`
--

INSERT INTO `transaksi` (`id_transaksi`, `id_produk`, `tgl_transaksi`, `id_cabang`) VALUES
(1, 'PTR', '2021-01-07', 1),
(2, 'CTR', '2021-01-07', 1),
(3, 'PTR', '2021-01-16', 1),
(4, 'CTR', '2021-01-15', 1),
(5, 'SMT', '2021-01-16', 1),
(6, 'RBN', '2021-01-17', 2),
(7, 'CTR', '2021-01-22', 2);

--
-- Indexes for dumped tables
--

--
-- Indexes for table `cabang`
--
ALTER TABLE `cabang`
  ADD PRIMARY KEY (`id_cabang`);

--
-- Indexes for table `produk`
--
ALTER TABLE `produk`
  ADD PRIMARY KEY (`id_produk`);

--
-- Indexes for table `transaksi`
--
ALTER TABLE `transaksi`
  ADD PRIMARY KEY (`id_transaksi`),
  ADD KEY `id_produk` (`id_produk`),
  ADD KEY `id_cabang` (`id_cabang`);

--
-- AUTO_INCREMENT for dumped tables
--

--
-- AUTO_INCREMENT for table `cabang`
--
ALTER TABLE `cabang`
  MODIFY `id_cabang` int(11) NOT NULL AUTO_INCREMENT, AUTO_INCREMENT=3;

--
-- AUTO_INCREMENT for table `transaksi`
--
ALTER TABLE `transaksi`
  MODIFY `id_transaksi` int(11) NOT NULL AUTO_INCREMENT, AUTO_INCREMENT=8;

--
-- Constraints for dumped tables
--

--
-- Constraints for table `transaksi`
--
ALTER TABLE `transaksi`
  ADD CONSTRAINT `transaksi_ibfk_1` FOREIGN KEY (`id_produk`) REFERENCES `produk` (`id_produk`) ON UPDATE CASCADE,
  ADD CONSTRAINT `transaksi_ibfk_2` FOREIGN KEY (`id_cabang`) REFERENCES `cabang` (`id_cabang`) ON UPDATE CASCADE;
COMMIT;

/*!40101 SET CHARACTER_SET_CLIENT=@OLD_CHARACTER_SET_CLIENT */;
/*!40101 SET CHARACTER_SET_RESULTS=@OLD_CHARACTER_SET_RESULTS */;
/*!40101 SET COLLATION_CONNECTION=@OLD_COLLATION_CONNECTION */;
